{"loss": [0.7594956159591675, 0.47575297951698303, 0.40907055139541626, 0.3773519694805145, 0.35115286707878113, 0.33376240730285645, 0.32068514823913574, 0.3121306300163269, 0.2975689172744751, 0.2895559072494507, 0.2827618420124054, 0.27348625659942627, 0.2679268717765808, 0.26307767629623413, 0.257670521736145, 0.252949595451355, 0.2522391080856323, 0.2457292675971985, 0.2429652363061905, 0.2391688972711563, 0.23758240044116974, 0.2339053750038147, 0.22837845981121063, 0.22748655080795288, 0.22692197561264038, 0.22149893641471863, 0.2203713357448578, 0.2200145274400711, 0.2168908268213272, 0.2142523229122162, 0.21134039759635925, 0.20901963114738464, 0.210619255900383, 0.20873333513736725, 0.2009839415550232, 0.20264051854610443, 0.2000751495361328, 0.1982407420873642, 0.1975717842578888, 0.19692330062389374, 0.19402852654457092, 0.1931048333644867, 0.1942352056503296, 0.19089162349700928, 0.19241654872894287, 0.18527236580848694, 0.18514038622379303, 0.18733322620391846, 0.18207202851772308, 0.1831996887922287], "accuracy": [0.7284166812896729, 0.8268541693687439, 0.8502708077430725, 0.863895833492279, 0.871833324432373, 0.8786666393280029, 0.8845208287239075, 0.887499988079071, 0.8924375176429749, 0.8952916860580444, 0.8959166407585144, 0.9001041650772095, 0.9025416374206543, 0.9038333296775818, 0.9074791669845581, 0.9069374799728394, 0.9078124761581421, 0.9114583134651184, 0.9110833406448364, 0.9128541946411133, 0.9136041402816772, 0.9157916903495789, 0.9158958196640015, 0.9150000214576721, 0.9160416722297668, 0.9195208549499512, 0.918874979019165, 0.9186041951179504, 0.9199583530426025, 0.9201041460037231, 0.9220625162124634, 0.9214375019073486, 0.9231458306312561, 0.9241874814033508, 0.9270208477973938, 0.9247083067893982, 0.9262916445732117, 0.9274791479110718, 0.9270625114440918, 0.9279791712760925, 0.9284999966621399, 0.929312527179718, 0.9291041493415833, 0.9296666383743286, 0.9293333292007446, 0.9315000176429749, 0.9304791688919067, 0.929729163646698, 0.9335416555404663, 0.9323750138282776], "val_loss": [0.4324379563331604, 0.3267534673213959, 0.3151010572910309, 0.2781848609447479, 0.2839452028274536, 0.2652599811553955, 0.24972669780254364, 0.24900372326374054, 0.2749217450618744, 0.22241133451461792, 0.24317850172519684, 0.2861511707305908, 0.22994104027748108, 0.23065541684627533, 0.22275783121585846, 0.22716733813285828, 0.2186259776353836, 0.24278849363327026, 0.20976072549819946, 0.26048195362091064, 0.26744595170021057, 0.21020910143852234, 0.200969398021698, 0.2579396367073059, 0.21612215042114258, 0.20670780539512634, 0.21135827898979187, 0.2377362847328186, 0.21817612648010254, 0.20494064688682556, 0.19649292528629303, 0.23147231340408325, 0.22080905735492706, 0.21040567755699158, 0.20022043585777283, 0.18876318633556366, 0.2274811863899231, 0.19823364913463593, 0.20450913906097412, 0.22059206664562225, 0.2505049705505371, 0.1898120790719986, 0.19945576786994934, 0.19941498339176178, 0.18941035866737366, 0.19610430300235748, 0.2762201428413391, 0.19047145545482635, 0.19247688353061676, 0.203450545668602], "val_accuracy": [0.8400833606719971, 0.8765000104904175, 0.8766666650772095, 0.8978333473205566, 0.8895833492279053, 0.906333327293396, 0.9090833067893982, 0.9067500233650208, 0.8964166641235352, 0.9170833230018616, 0.9109166860580444, 0.8926666378974915, 0.9181666374206543, 0.9170833230018616, 0.9210833311080933, 0.9192500114440918, 0.9210000038146973, 0.9124166369438171, 0.925000011920929, 0.909416675567627, 0.9075000286102295, 0.9293333292007446, 0.9279999732971191, 0.9117500185966492, 0.92208331823349, 0.925083339214325, 0.9225000143051147, 0.9135000109672546, 0.9237499833106995, 0.9278333187103271, 0.9335833191871643, 0.9195833206176758, 0.9227499961853027, 0.925083339214325, 0.9329166412353516, 0.9322500228881836, 0.9238333106040955, 0.9322500228881836, 0.9300000071525574, 0.9237499833106995, 0.9154166579246521, 0.9350833296775818, 0.9315833449363708, 0.9312499761581421, 0.9364166855812073, 0.9338333606719971, 0.9102500081062317, 0.9360833168029785, 0.9370833039283752, 0.9325833320617676]}