{"loss": [1.5500210523605347, 0.563707709312439, 0.3757733702659607, 0.3222993016242981, 0.2617945075035095, 0.2310032695531845, 0.22487518191337585, 0.19086790084838867, 0.1840437352657318, 0.1705814152956009, 0.15210025012493134, 0.14042797684669495, 0.15862035751342773, 0.13098935782909393, 0.11385966092348099], "accuracy": [0.37956249713897705, 0.791979193687439, 0.8758541941642761, 0.8961458206176758, 0.9146041870117188, 0.9238749742507935, 0.9264583587646484, 0.937416672706604, 0.9402499794960022, 0.9446666836738586, 0.9497708082199097, 0.9543541669845581, 0.948645830154419, 0.9591249823570251, 0.9641249775886536], "val_loss": [0.6665269136428833, 0.4010915458202362, 0.4209604859352112, 0.3020942509174347, 0.2633659839630127, 0.26233357191085815, 0.23992396891117096, 0.2438008189201355, 0.24174264073371887, 0.2685215473175049, 0.25318703055381775, 0.26448309421539307, 0.2452734410762787, 0.26918360590934753, 0.27186086773872375], "val_accuracy": [0.73458331823349, 0.8608333468437195, 0.8403333425521851, 0.9026666879653931, 0.9116666913032532, 0.9120833277702332, 0.9208333492279053, 0.9210000038146973, 0.92166668176651, 0.9197499752044678, 0.9240000247955322, 0.9212499856948853, 0.9190000295639038, 0.918666660785675, 0.9198333621025085]}